contact_email,first_name,last_name,company,lead_source,campaign,created_date
  randall.martinez.474@gmail.com ,Randall,Martinez,"Hawkins, Ramirez and Reynolds",event,Persevering exuding hardware,2025-07-13
  benjamin.bowers.263@hotmail.com ,Benjamin,Bowers,Davis Ltd,organic,Re-contextualized grid-enabled functionalities,2026-04-29
  danielle.johnson.0@yahoo.com ,Danielle,Johnson,Walker Ltd,event,Automated executive standardization,2025-11-15
  PATRICK.COOK.360@GMAIL.COM ,Patrick,Cook,Sosa-Baker,paid_ads,Configurable modular standardization,2024-08-29
samuel.smith.290@gmail.com,Samuel,Smith,Smith and Sons,paid_ads,Progressive dynamic capability,2025-05-12
michael.norton.140@gmail.com,Michael,Norton,Chung-Stevens,event,Persevering next generation leverage,2026-07-02
  JOSHUA.RIGGS.67@GMAIL.COM ,Joshua,Riggs,"King, Thompson and Guerrero",paid_ads,Cross-platform 4thgeneration algorithm,2024-10-13
BRETT.MAY.425@HOTMAIL.COM,Brett,May,Gibbs-Taylor,cold_outreach,Monitored responsive neural-net,2024-12-02
sean.robinson.358@yahoo.com,Sean,Robinson,Lee-Johnson,event,Exclusive multi-state firmware,2024-08-20
angela.smith.333@hotmail.com,Angela,Smith,"Rivera, Hendricks and Flynn",referral,Assimilated neutral Internet solution,2026-06-17
william.armstrong.125@gmail.com,William,Armstrong,Murphy PLC,organic,Enhanced system-worthy project,2024-10-02
cynthia.dunn@gmail.com,Cynthia,Dunn,Hill Group,organic,Diverse methodical circuit,2025-10-06
jordan.hudson.479@gmail.com,Jordan,Hudson,"Daniel, Hill and Abbott",event,Ergonomic interactive complexity,2026-07-04
JOSEPH.WEISS.355@GMAIL.COM,Joseph,Weiss,Marshall Group,organic,Open-source demand-driven algorithm,2025-06-22
roy.carroll.44@gmail.com,Roy,Carroll,"Choi, Garcia and Farmer",event,Decentralized clear-thinking support,2024-12-10
jenna.hill.211@yahoo.com,Jenna,Hill,Stevens-Robinson,organic,Decentralized intangible groupware,2025-11-16
debra.anderson.426@hotmail.com,Debra,Anderson,"Jenkins, Ayers and Hayes",cold_outreach,Face-to-face didactic artificial intelligence,2024-10-15
tyler.roman@gmail.com,Tyler,Roman,"Lopez, Williams and Frederick",organic,Proactive dedicated orchestration,2024-09-18
angela.dalton.409@yahoo.com,Angela,Dalton,"Martin, Jordan and Edwards",event,Innovative client-driven definition,2025-06-30
aaron.mahoney.473@yahoo.com,Aaron,Mahoney,Harper-Franco,event,Multi-channeled 6thgeneration budgetary management,2026-07-09
  tina.kennedy.292@hotmail.com ,Tina,Kennedy,Mayer-Moore,cold_outreach,Cross-platform zero tolerance emulation,2024-08-09
john.porter.294@hotmail.com,John,Porter,"Morgan, Booker and Malone",organic,User-friendly mobile process improvement,2024-08-22
dominic.cooper@hotmail.com,Dominic,Cooper,"Adams, Wilson and Chen",cold_outreach,Universal clear-thinking budgetary management,2024-09-26
DAVID.HENDERSON.203@HOTMAIL.COM,David,Henderson,Harris-Carson,organic,Ameliorated interactive flexibility,2026-03-10
  christine.moore.275@gmail.com ,Christine,Moore,Mora Ltd,referral,Managed discrete product,2025-07-04
dalton.williams.452@yahoo.com,Dalton,Williams,Estes-Campos,organic,Progressive actuating knowledgebase,2026-01-31
  SAMANTHA.DUNN.271@HOTMAIL.COM ,Samantha,Dunn,"Herman, Bailey and Richmond",paid_ads,Progressive cohesive encoding,2024-12-21
  KIM.SHELTON.84@GMAIL.COM ,Kim,Shelton,"Holland, Jones and Davis",organic,Cross-group encompassing matrices,2025-04-17
terry.johnson.45@yahoo.com,Terry,Johnson,"Campbell, Heath and Jones",cold_outreach,Ameliorated zero administration time-frame,2026-05-15
melissa.greene.429@yahoo.com,Melissa,Greene,"Byrd, Barnes and Ortiz",cold_outreach,Intuitive attitude-oriented software,2024-07-30
autumn.hill.276@gmail.com,Autumn,Hill,"Ramirez, Walker and Ray",cold_outreach,Front-line foreground emulation,2025-07-28
rebecca.ford.322@hotmail.com,Rebecca,Ford,Davis-Mason,event,Managed discrete extranet,2026-01-29
  wesley.roman.451@yahoo.com ,Wesley,Roman,Wilson-Perez,event,Decentralized optimizing artificial intelligence,2024-12-20
  ANNA.GOODWIN.244@HOTMAIL.COM ,Anna,Goodwin,Wilson LLC,event,Focused 4thgeneration software,2025-01-01
julia.davis.414@hotmail.com,Julia,Davis,Vargas LLC,referral,Pre-emptive leadingedge firmware,2025-08-27
  JESSICA.MUNOZ.47@GMAIL.COM ,Jessica,Munoz,Perez Ltd,organic,Public-key modular firmware,2025-09-11
gabrielle.kelly.314@yahoo.com,Gabrielle,Kelly,Ferrell PLC,paid_ads,Inverse composite matrices,2026-02-22
andrew.sanchez.27@yahoo.com,Andrew,Sanchez,"Atkinson, Jones and Perry",referral,Multi-layered upward-trending contingency,2025-09-03
lisa.stevens.22@yahoo.com,Lisa,Stevens,Walker Ltd,organic,Up-sized full-range groupware,2025-04-26
KATHERINE.FOWLER.337@GMAIL.COM,Katherine,Fowler,Gonzalez-Mitchell,referral,Multi-tiered didactic infrastructure,2025-02-27
ANDREW.BROWN.186@HOTMAIL.COM,Andrew,Brown,Lamb-Davis,referral,Focused modular task-force,2024-10-06
heather.reynolds.343@yahoo.com,Heather,Reynolds,"Cobb, Stephens and Young",paid_ads,Fundamental background array,2025-11-10
teresa.reid.165@hotmail.com,Teresa,Reid,Horn-Flynn,organic,Switchable systematic definition,2024-12-15
cheryl.thomas.457@yahoo.com,Cheryl,Thomas,Schneider-Clay,referral,Enterprise-wide exuding model,2026-02-05
SARA.COLE.356@HOTMAIL.COM,Sara,Cole,Nixon-Vega,referral,Decentralized didactic Graphical User Interface,2024-09-18
DOUGLAS.PEREZ.399@GMAIL.COM,Douglas,Perez,Anderson Inc,cold_outreach,Advanced encompassing leverage,2025-11-26
EDWARD.JOHNSON.20@YAHOO.COM,Edward,Johnson,"Tran, Jordan and Williams",referral,Centralized bandwidth-monitored process improvement,2026-04-27
nathaniel.hughes.90@gmail.com,Nathaniel,Hughes,Walker-Flores,organic,Distributed executive open system,2026-03-14
TINA.COFFEY.62@HOTMAIL.COM,Tina,Coffey,Davis-Foster,referral,Synchronized discrete framework,2025-08-05
  CHELSEA.HERNANDEZ.8@GMAIL.COM ,Chelsea,Hernandez,"Ashley, Nielsen and Sellers",referral,Enhanced analyzing benchmark,2025-03-03
  frank.lewis.280@yahoo.com ,Frank,Lewis,Combs-Davis,organic,Multi-tiered 6thgeneration algorithm,2025-03-10
  kimberly.wiggins.462@hotmail.com ,Kimberly,Wiggins,Fields-Barajas,event,Self-enabling static moratorium,2026-05-20
jeff.rodriguez.293@hotmail.com,Jeff,Rodriguez,Nguyen-Jackson,cold_outreach,Inverse transitional toolset,2025-09-09
brian.hoffman@yahoo.com,Brian,Hoffman,Martin Ltd,referral,Focused secondary analyzer,2024-11-08
amy.barrett.142@gmail.com,Amy,Barrett,Smith-Clark,referral,Advanced systematic structure,2026-01-09
sean.horne.209@yahoo.com,Sean,Horne,"Arnold, Cooper and Monroe",cold_outreach,Configurable heuristic analyzer,2026-01-07
carol.mahoney.302@yahoo.com,Carol,Mahoney,"Frey, Nguyen and Watson",referral,Phased non-volatile array,2025-05-20
ryan.richardson.496@yahoo.com,Ryan,Richardson,Nelson-Johnson,event,Reverse-engineered asynchronous extranet,2024-12-27
javier.lynch.374@gmail.com,Javier,Lynch,Brooks-Ellis,referral,Operative foreground customer loyalty,2025-10-14
mary.evans.327@gmail.com,Mary,Evans,Rodriguez and Sons,referral,Horizontal heuristic productivity,2025-11-12
GEORGE.GREEN.385@YAHOO.COM,George,Green,Arellano-Carrillo,cold_outreach,Compatible bifurcated implementation,2024-10-25
michael.chavez.303@yahoo.com,Michael,Chavez,Barber LLC,paid_ads,Versatile secondary pricing structure,2024-07-21
kayla.morris.328@yahoo.com,Kayla,Morris,Chang PLC,event,De-engineered holistic monitoring,2025-02-08
breanna.murray.357@hotmail.com,Breanna,Murray,"Allen, Powers and Townsend",organic,Robust reciprocal knowledgebase,2025-03-12
gina.leblanc.123@hotmail.com,Gina,Leblanc,Vaughn-Fowler,cold_outreach,Distributed didactic challenge,2025-04-03
bryan.wiggins.384@gmail.com,Bryan,Wiggins,"Newman, Jenkins and Cooper",organic,Enhanced 4thgeneration emulation,2026-02-04
  JEREMIAH.COLEMAN.349@GMAIL.COM ,Jeremiah,Coleman,"Jimenez, Simon and Joseph",event,Innovative tangible artificial intelligence,2025-05-05
taylor.savage.430@hotmail.com,Taylor,Savage,Mcdaniel-Reeves,paid_ads,Right-sized asynchronous strategy,2025-05-14
MAURICE.HARRISON.287@GMAIL.COM,Maurice,Harrison,"Weeks, Arroyo and Woods",event,De-engineered analyzing standardization,2026-01-19
jacob.taylor.486@gmail.com,Jacob,Taylor,Anderson PLC,event,Assimilated dedicated paradigm,2025-07-19
anthony.holmes.485@hotmail.com,Anthony,Holmes,Rodriguez Inc,referral,Synergized explicit paradigm,2025-12-12
diane.proctor.348@gmail.com,Diane,Proctor,Taylor Group,cold_outreach,Compatible bottom-line ability,2026-04-23
heather.estrada.386@gmail.com,Heather,Estrada,Young Inc,cold_outreach,Virtual user-facing application,2025-09-02
  BRENT.WALTERS.19@YAHOO.COM ,Brent,Walters,Smith and Sons,organic,Streamlined solution-oriented service-desk,2026-06-25
BILLY.JOHNSON.34@GMAIL.COM,Billy,Johnson,Combs PLC,organic,Operative real-time time-frame,2024-12-30
  GEORGE.DANIEL.4@GMAIL.COM ,George,Daniel,Gray-Mayo,organic,Proactive real-time adapter,2025-11-24
brenda.reynolds@hotmail.com,Brenda,Reynolds,"Bentley, Rivers and King",organic,Future-proofed maximized framework,2024-10-02
ANGELA.ANDREWS.247@GMAIL.COM,Angela,Andrews,Russell-Hayes,event,Enhanced object-oriented intranet,2025-05-21
ivan.coleman.278@yahoo.com,Ivan,Coleman,"Goodwin, Diaz and Morales",event,Intuitive bifurcated matrices,2024-11-17
  deborah.small.448@gmail.com ,Deborah,Small,Dean-Lucas,referral,Optimized homogeneous circuit,2025-12-01
  angela.roberts.447@yahoo.com ,Angela,Roberts,Tucker-Garza,paid_ads,Profound asymmetric policy,2026-05-23
  kimberly.padilla.100@gmail.com ,Kimberly,Padilla,"Mitchell, Hendricks and Henry",cold_outreach,Assimilated secondary benchmark,2024-10-16
JEFFERY.BROCK.28@HOTMAIL.COM,Jeffery,Brock,"Marshall, Grant and Lowery",event,Synergistic real-time archive,2025-06-07
DIANE.CUNNINGHAM.16@YAHOO.COM,Diane,Cunningham,Harris-Moran,cold_outreach,Centralized composite frame,2025-01-19
JESSICA.CARLSON.220@YAHOO.COM,Jessica,Carlson,Barron-Cowan,referral,Customer-focused foreground Graphic Interface,2026-07-07
dana.mullins.42@gmail.com,Dana,Mullins,Andrews Group,event,Adaptive bi-directional utilization,2025-05-27
  GABRIELLE.EVANS.441@GMAIL.COM ,Gabrielle,Evans,"Patterson, Carroll and Arnold",referral,Expanded transitional model,2025-07-19
JAMES.COLE.241@HOTMAIL.COM,James,Cole,Lopez and Sons,referral,Organized value-added Graphical User Interface,2025-07-19
vanessa.jensen.310@yahoo.com,Vanessa,Jensen,"Thomas, Williams and Meyers",cold_outreach,Cross-group grid-enabled synergy,2025-11-22
fred.rodriguez.383@gmail.com,Fred,Rodriguez,Hernandez-Harris,paid_ads,Multi-layered human-resource database,2024-07-26
  maria.herring.420@hotmail.com ,Maria,Herring,Crawford-Davis,event,Streamlined upward-trending success,2024-10-06
earl.west.387@gmail.com,Earl,West,"Turner, Knapp and Sullivan",paid_ads,Reverse-engineered 24/7 knowledgebase,2026-01-21
robin.murray.51@gmail.com,Robin,Murray,"Collier, Jimenez and Moran",referral,Universal 5thgeneration array,2025-12-06
DANIEL.BROWN.68@YAHOO.COM,Daniel,Brown,Palmer-Rodriguez,event,Quality-focused reciprocal migration,2024-12-18
jonathan.castillo@hotmail.com,Jonathan,Castillo,Collins Inc,referral,Robust bandwidth-monitored complexity,2025-10-23
michelle.olson.273@yahoo.com,Michelle,Olson,Reyes and Sons,cold_outreach,Exclusive interactive neural-net,2025-12-03
deborah.byrd.210@yahoo.com,Deborah,Byrd,"Ortiz, Smith and Deleon",referral,User-centric didactic moratorium,2024-07-15
wesley.wilson.442@hotmail.com,Wesley,Wilson,White-White,cold_outreach,Enterprise-wide responsive standardization,2024-08-11
  justin.cohen.212@yahoo.com ,Justin,Cohen,Rogers LLC,cold_outreach,Multi-lateral non-volatile knowledge user,2025-03-03
corey.hill@yahoo.com,Corey,Hill,Mcgee-Becker,event,User-centric didactic knowledgebase,2025-03-31
JULIE.RAMIREZ.401@HOTMAIL.COM,Julie,Ramirez,Bell-Wyatt,referral,Ergonomic optimal secured line,2025-09-30
  margaret.vance.254@gmail.com ,Margaret,Vance,Gross-Sims,referral,Organized systematic hierarchy,2024-09-02
jessica.davis@gmail.com,Jessica,Davis,"Baker, Ho and Baker",event,Multi-tiered zero-defect instruction set,2024-10-13
ryan.clark.347@gmail.com,Ryan,Clark,Taylor-Peters,event,Multi-layered 5thgeneration hardware,2026-03-15
KAREN.JOHNSON.239@YAHOO.COM,Karen,Johnson,Jensen Ltd,cold_outreach,Enhanced analyzing function,2025-08-23
EDWARD.RUBIO.428@GMAIL.COM,Edward,Rubio,"Wilson, Higgins and Graham",cold_outreach,Profound well-modulated hardware,2026-03-05
MIA.PRICE.423@YAHOO.COM,Mia,Price,Turner-Mayer,cold_outreach,Centralized bandwidth-monitored ability,2024-12-28
  ARIANA.KLINE.460@HOTMAIL.COM ,Ariana,Kline,"Ferguson, Larson and Bell",organic,Fully-configurable neutral flexibility,2025-11-08
theresa.oconnor.193@yahoo.com,Theresa,Oconnor,"Yu, Banks and Thompson",referral,Exclusive user-facing protocol,2025-11-28
curtis.daniels.338@hotmail.com,Curtis,Daniels,Nelson-Harding,referral,Persevering motivating collaboration,2025-09-01
cynthia.burton.164@yahoo.com,Cynthia,Burton,Jones-Norton,organic,Profit-focused static workforce,2025-04-29
dean.dalton.128@gmail.com,Dean,Dalton,Haney Group,paid_ads,Proactive human-resource moderator,2024-10-10
JOHN.WILSON.394@YAHOO.COM,John,Wilson,Gamble-Jones,organic,Focused transitional structure,2025-03-30
christine.byrd.60@hotmail.com,Christine,Byrd,"Becker, Taylor and Davis",paid_ads,Triple-buffered user-facing application,2025-10-24
jerry.hinton.225@yahoo.com,Jerry,Hinton,Marshall-Garcia,organic,Function-based zero-defect protocol,2026-04-09
MARTIN.OLIVER.148@YAHOO.COM,Martin,Oliver,Cook-Ochoa,paid_ads,Polarized client-server contingency,2026-06-21
  deborah.murphy.226@yahoo.com ,Deborah,Murphy,"Adams, Quinn and Watson",event,Networked zero-defect initiative,2024-11-20
DEBORAH.HIGGINS.121@GMAIL.COM,Deborah,Higgins,"Rogers, Phillips and Craig",referral,Sharable actuating contingency,2024-11-14
RICHARD.HUNTER.151@HOTMAIL.COM,Richard,Hunter,Stephens-Gibbs,organic,Cross-group next generation Graphic Interface,2025-12-04
TASHA.STEWART.81@YAHOO.COM,Tasha,Stewart,Harrison Ltd,event,Devolved needs-based orchestration,2026-02-11
frank.bennett@yahoo.com,Frank,Bennett,"Flores, Krueger and Jenkins",cold_outreach,Customizable bi-directional framework,2025-11-05
james.johnson.319@gmail.com,James,Johnson,Clements-Walker,referral,Synchronized executive open architecture,2026-07-01
francis.guerra.87@hotmail.com,Francis,Guerra,Griffith Inc,paid_ads,Mandatory client-server functionalities,2025-04-01
dwayne.gonzalez.80@hotmail.com,Dwayne,Gonzalez,Wolf Ltd,referral,Intuitive empowering monitoring,2024-11-15
LAUREN.HUFFMAN.316@YAHOO.COM,Lauren,Huffman,"Thornton, Mills and Taylor",paid_ads,Quality-focused actuating capability,2025-10-31
caroline.martinez.36@hotmail.com,Caroline,Martinez,Reed Group,referral,Stand-alone background secured line,2025-04-06
  rodney.owens.12@hotmail.com ,Rodney,Owens,Nunez Ltd,organic,Networked radical middleware,2024-08-22
nancy.smith.120@hotmail.com,Nancy,Smith,"Rodriguez, Bird and Mitchell",organic,Reverse-engineered explicit moderator,2025-08-10
gina.wallace@yahoo.com,Gina,Wallace,Ellis-Anthony,referral,Robust non-volatile flexibility,2024-10-11
LUIS.ROBINSON.189@YAHOO.COM,Luis,Robinson,Stokes Group,cold_outreach,Cross-group clear-thinking access,2025-03-27
  scott.williams.50@yahoo.com ,Scott,Williams,"Anderson, Roberts and Gilmore",paid_ads,Mandatory human-resource array,2024-10-06
andrew.buchanan.468@gmail.com,Andrew,Buchanan,"Combs, Riley and Miller",paid_ads,Open-architected tangible initiative,2025-09-25
PAULA.KHAN.323@GMAIL.COM,Paula,Khan,Nguyen-Wong,referral,Networked upward-trending neural-net,2026-02-11
bailey.haney.59@yahoo.com,Bailey,Haney,Spence Ltd,paid_ads,Enhanced zero tolerance core,2025-01-25
sarah.johnson.127@yahoo.com,Sarah,Johnson,Mack Ltd,organic,Universal content-based firmware,2025-10-24
jennifer.fox.494@yahoo.com,Jennifer,Fox,"Sosa, Wells and Perkins",event,Adaptive mission-critical instruction set,2026-05-13
BRIAN.SILVA.15@HOTMAIL.COM,Brian,Silva,"Moore, Yu and Miller",referral,Reduced analyzing contingency,2024-08-28
sean.young.65@yahoo.com,Sean,Young,Pollard LLC,event,Networked directional approach,2026-04-29
ralph.olson@gmail.com,Ralph,Olson,"Walker, Reed and Abbott",paid_ads,Phased multi-state knowledgebase,2025-04-24
aaron.frost.24@hotmail.com,Aaron,Frost,"Ball, Harmon and Lambert",cold_outreach,Organic composite capacity,2025-05-20
  kenneth.james.484@gmail.com ,Kenneth,James,"Walton, Hall and Greene",referral,Balanced fresh-thinking hardware,2025-10-08
william.braun@yahoo.com,William,Braun,Hale-Knight,cold_outreach,Virtual bifurcated Graphical User Interface,2025-02-03
  rachel.hunt.223@hotmail.com ,Rachel,Hunt,Campbell Inc,event,Triple-buffered leadingedge system engine,2024-12-01
MICHAEL.CHAMBERS.237@HOTMAIL.COM,Michael,Chambers,"Hester, Thompson and Daniels",referral,Seamless uniform strategy,2025-03-01
anthony.rivera.11@hotmail.com,Anthony,Rivera,Ramirez Group,referral,Proactive clear-thinking throughput,2025-08-07
  tara.holmes.487@hotmail.com ,Tara,Holmes,"Thomas, Young and Fuentes",paid_ads,De-engineered 3rdgeneration orchestration,2026-03-28
tammy.glenn.438@gmail.com,Tammy,Glenn,Phelps and Sons,cold_outreach,Triple-buffered high-level open system,2026-01-29
allison.harris@gmail.com,Allison,Harris,Montes Inc,event,Sharable 4thgeneration Graphical User Interface,2025-03-05
courtney.padilla.379@gmail.com,Courtney,Padilla,"Jones, Barry and Cook",cold_outreach,User-friendly zero administration secured line,2025-02-11
HOLLY.ORTEGA.341@YAHOO.COM,Holly,Ortega,Freeman-Jones,paid_ads,Enhanced dynamic open architecture,2025-03-23
hannah.butler.222@yahoo.com,Hannah,Butler,Kelley Group,organic,Secured multimedia migration,2024-10-29
hannah.hernandez.153@gmail.com,Hannah,Hernandez,Garcia-Perry,referral,Multi-channeled demand-driven Graphic Interface,2024-10-02
joseph.thomas.147@gmail.com,Joseph,Thomas,Hill-Evans,cold_outreach,Synergistic needs-based interface,2025-03-30
gary.morton.282@yahoo.com,Gary,Morton,Welch-Duncan,organic,Horizontal 24/7 info-mediaries,2024-09-05
  jasmine.graham.37@hotmail.com ,Jasmine,Graham,"Sheppard, Nelson and Morton",paid_ads,Upgradable coherent orchestration,2026-01-26
ASHLEY.ROBBINS.5@GMAIL.COM,Ashley,Robbins,"Porter, Wilkerson and Day",event,Profound intermediate orchestration,2025-01-18
andrew.garcia@gmail.com,Andrew,Garcia,Davis Group,cold_outreach,User-centric leadingedge info-mediaries,2025-03-18
  michael.obrien.299@gmail.com ,Michael,Obrien,Conrad and Sons,referral,Integrated disintermediate workforce,2025-07-03
  VALERIE.JONES.392@HOTMAIL.COM ,Valerie,Jones,Davis-Ortiz,event,Centralized 6thgeneration function,2025-05-08
JACQUELINE.PARKER.74@YAHOO.COM,Jacqueline,Parker,Smith-Kane,organic,Total directional capability,2025-11-01
MICHELLE.FLORES.107@YAHOO.COM,Michelle,Flores,Anderson-Wood,cold_outreach,Persistent intangible framework,2024-09-25
heidi.mann.268@gmail.com,Heidi,Mann,Oconnell-Smith,organic,Triple-buffered scalable access,2026-03-02
matthew.chavez.262@hotmail.com,Matthew,Chavez,Hall Group,event,Team-oriented optimizing website,2024-09-26
JESSICA.JIMENEZ.330@GMAIL.COM,Jessica,Jimenez,"Hall, Roberts and Lee",cold_outreach,Profit-focused real-time access,2024-07-27
  keith.frye.106@yahoo.com ,Keith,Frye,Ballard Ltd,organic,Function-based composite matrix,2025-02-11
  taylor.conley.88@yahoo.com ,Taylor,Conley,"Valentine, Joyce and Murray",organic,Face-to-face 24/7 superstructure,2026-01-28
BRANDON.YANG.130@YAHOO.COM,Brandon,Yang,Young-Robinson,organic,User-friendly multimedia hierarchy,2024-10-19
  david.jimenez.77@yahoo.com ,David,Jimenez,Anderson PLC,paid_ads,Customer-focused 24/7 contingency,2024-12-24
angela.diaz.111@gmail.com,Angela,Diaz,Morrison Group,cold_outreach,Proactive client-driven budgetary management,2024-08-07
jordan.perkins.395@gmail.com,Jordan,Perkins,Murray-Steele,paid_ads,Streamlined clear-thinking product,2024-11-05
  kathryn.white.215@hotmail.com ,Kathryn,White,Pena-Walker,organic,Customer-focused leadingedge interface,2026-01-04
peggy.edwards.419@yahoo.com,Peggy,Edwards,Lester Group,event,Automated multimedia matrix,2025-11-12
  michael.obrien.431@hotmail.com ,Michael,Obrien,"Mckinney, Pacheco and Smith",cold_outreach,Assimilated cohesive matrix,2025-10-05
james.davis@hotmail.com,James,Davis,Knox Ltd,referral,Exclusive mission-critical process improvement,2025-02-18
MELISSA.PARSONS.297@GMAIL.COM,Melissa,Parsons,Le-Barrett,referral,Stand-alone heuristic protocol,2026-02-27
tiffany.perry@yahoo.com,Tiffany,Perry,Reed-Barron,organic,Adaptive uniform project,2024-09-21
  nathaniel.lam.10@yahoo.com ,Nathaniel,Lam,Wright Inc,cold_outreach,Cross-platform cohesive migration,2024-07-24
raymond.burns.200@hotmail.com,Raymond,Burns,Davis-Stephens,cold_outreach,Ameliorated leadingedge success,2025-04-06
matthew.miranda.86@gmail.com,Matthew,Miranda,Cooke and Sons,organic,Compatible mission-critical strategy,2025-02-10
jeremy.roberts.3@gmail.com,Jeremy,Roberts,Delacruz Group,event,Cross-platform logistical policy,2025-06-05
gail.dorsey.449@hotmail.com,Gail,Dorsey,"Mcdonald, Ware and Sharp",paid_ads,Adaptive 3rdgeneration orchestration,2026-06-10
LUCAS.BUTLER.132@GMAIL.COM,Lucas,Butler,Bennett-Webster,referral,Integrated motivating system engine,2025-01-01
MELVIN.HUMPHREY.103@HOTMAIL.COM,Melvin,Humphrey,"Matthews, Saunders and Anderson",cold_outreach,Visionary solution-oriented emulation,2026-05-05
david.foster.405@hotmail.com,David,Foster,"Madden, Figueroa and Stafford",referral,Horizontal tertiary middleware,2024-08-25
steven.moore.129@gmail.com,Steven,Moore,"Cannon, Johnson and Keller",referral,Enterprise-wide eco-centric benchmark,2026-01-20
daniel.joseph.69@yahoo.com,Daniel,Joseph,Lam LLC,organic,Profit-focused motivating budgetary management,2024-10-25
george.webster.402@gmail.com,George,Webster,"Garcia, Lewis and Gordon",event,Extended local functionalities,2025-06-21
jeffrey.johnson.160@gmail.com,Jeffrey,Johnson,"Roberts, Norman and Cunningham",paid_ads,Extended dynamic analyzer,2025-08-15
kathy.gutierrez.138@hotmail.com,Kathy,Gutierrez,Jones and Sons,organic,Re-engineered leadingedge product,2024-12-16
todd.cooper.166@hotmail.com,Todd,Cooper,Williams Ltd,event,Fundamental even-keeled infrastructure,2024-07-21
JODI.STEWART.145@GMAIL.COM,Jodi,Stewart,Smith LLC,cold_outreach,Up-sized demand-driven knowledge user,2025-03-29
BRITTANY.HARRISON.400@YAHOO.COM,Brittany,Harrison,Jones Ltd,event,Customizable 24/7 groupware,2026-01-11
dana.cox.98@hotmail.com,Dana,Cox,"Moore, Johnson and Allison",organic,Total scalable success,2026-01-31
angela.sloan.178@hotmail.com,Angela,Sloan,"Barnes, Morris and Butler",referral,Pre-emptive 3rdgeneration model,2025-02-28
STEVEN.CASTRO.418@YAHOO.COM,Steven,Castro,Lucas-Johnson,paid_ads,Sharable incremental frame,2025-01-24
  shannon.watson.99@yahoo.com ,Shannon,Watson,Berry PLC,organic,Distributed real-time synergy,2025-04-26
NANCY.MCDOWELL.167@GMAIL.COM,Nancy,Mcdowell,"Ward, Miller and Beck",referral,Robust contextually-based utilization,2024-11-07
deanna.lucas.152@yahoo.com,Deanna,Lucas,Rodriguez-Garcia,cold_outreach,Enterprise-wide 3rdgeneration product,2025-07-17
  THERESA.JONES.93@HOTMAIL.COM ,Theresa,Jones,"Romero, Mcneil and Spencer",referral,Integrated web-enabled synergy,2026-04-08
JAMES.WILKERSON.188@HOTMAIL.COM,James,Wilkerson,Mccoy PLC,organic,Multi-lateral bi-directional infrastructure,2026-07-02
  cole.hopkins.298@gmail.com ,Cole,Hopkins,White Inc,referral,Multi-layered background Internet solution,2024-09-25
LAURA.SWANSON.113@HOTMAIL.COM,Laura,Swanson,"Johnson, Wells and Coffey",paid_ads,Inverse heuristic groupware,2025-09-04
  mark.murray.412@yahoo.com ,Mark,Murray,"Robertson, Fisher and Smith",paid_ads,Assimilated uniform knowledge user,2025-09-11
jesse.sullivan.155@gmail.com,Jesse,Sullivan,Davidson Group,cold_outreach,Centralized 24/7 productivity,2024-07-30
sierra.leonard.380@gmail.com,Sierra,Leonard,Reyes Group,organic,Synchronized zero tolerance open system,2024-08-08
MELISSA.RAMIREZ.353@GMAIL.COM,Melissa,Ramirez,"Campbell, Hodge and Smith",paid_ads,Switchable even-keeled support,2025-09-23
MICHELLE.BARNES.108@GMAIL.COM,Michelle,Barnes,Peck-Griffith,event,Cloned global knowledgebase,2026-01-17
kara.francis@yahoo.com,Kara,Francis,Vargas-Parsons,referral,Business-focused dynamic capability,2024-11-12
tina.greene.488@yahoo.com,Tina,Greene,"Knight, Rogers and Evans",referral,Optimized full-range methodology,2024-11-05
  kristopher.cooper.267@hotmail.com ,Kristopher,Cooper,Fitzgerald-Wyatt,paid_ads,Up-sized needs-based intranet,2024-10-04
joan.wood@gmail.com,Joan,Wood,"Burke, Henderson and Turner",cold_outreach,Advanced multi-tasking data-warehouse,2025-12-18
JOSEPH.WILLIAMS.300@GMAIL.COM,Joseph,Williams,Miller-Lewis,referral,Multi-channeled reciprocal instruction set,2024-09-18
MATTHEW.REEVES.214@HOTMAIL.COM,Matthew,Reeves,"Little, Alvarez and Shepard",cold_outreach,Multi-channeled motivating contingency,2025-07-15
jessica.molina@gmail.com,Jessica,Molina,"Anderson, Cabrera and Hopkins",paid_ads,Fully-configurable analyzing instruction set,2025-05-27
jessica.lawrence.221@gmail.com,Jessica,Lawrence,Richardson Ltd,event,Horizontal bi-directional utilization,2025-04-09
john.jones.309@yahoo.com,John,Jones,Cohen-Johnston,referral,Right-sized multimedia task-force,2025-11-12
david.holmes.277@yahoo.com,David,Holmes,"Smith, Craig and Gray",cold_outreach,Pre-emptive attitude-oriented forecast,2025-03-04
andrew.williams.260@hotmail.com,Andrew,Williams,"Martin, Soto and Williams",referral,Object-based coherent product,2024-10-24
andrew.byrd.491@yahoo.com,Andrew,Byrd,"Cobb, Rodriguez and Boyle",referral,Customizable real-time adapter,2025-06-07
  stephanie.jones.179@yahoo.com ,Stephanie,Jones,Ayala-Collins,event,Distributed leadingedge alliance,2025-08-17
  andrew.campbell.477@hotmail.com ,Andrew,Campbell,Lee-Velasquez,event,Organized holistic alliance,2025-02-15
  KELLY.NEAL.149@YAHOO.COM ,Kelly,Neal,"Casey, Nguyen and Ramirez",referral,Multi-channeled 24hour artificial intelligence,2025-04-02
amanda.reed.53@hotmail.com,Amanda,Reed,"Bennett, Cantu and Kane",event,Open-architected content-based software,2024-12-30
DANIEL.HORTON.227@GMAIL.COM,Daniel,Horton,Garcia PLC,cold_outreach,Automated 3rdgeneration product,2026-02-15
angela.lyons@gmail.com,Angela,Lyons,Shepherd-Harper,event,Organized heuristic budgetary management,2025-11-17
lindsey.cox@gmail.com,Lindsey,Cox,"Elliott, Sharp and Harris",event,Progressive holistic monitoring,2025-02-01
emily.nicholson.274@gmail.com,Emily,Nicholson,"Velazquez, Woods and Gomez",cold_outreach,Reverse-engineered multi-state implementation,2025-01-22
patricia.hatfield.217@gmail.com,Patricia,Hatfield,Huffman-White,event,Face-to-face static policy,2025-06-30
wayne.walker.307@gmail.com,Wayne,Walker,"Dennis, Long and Griffin",event,Diverse user-facing superstructure,2025-09-02
ANTHONY.VAUGHAN.114@GMAIL.COM,Anthony,Vaughan,Smith LLC,referral,Multi-lateral bandwidth-monitored toolset,2024-10-28
elizabeth.mcmillan.18@gmail.com,Elizabeth,Mcmillan,Wilson-Rodriguez,event,Secured bi-directional paradigm,2024-10-31
  jacob.johnson.445@yahoo.com ,Jacob,Johnson,"Thomas, Allen and Wilkinson",paid_ads,Exclusive explicit application,2024-11-25
JEREMY.FRAZIER.168@GMAIL.COM,Jeremy,Frazier,Dominguez Inc,organic,Down-sized responsive structure,2025-11-28
joseph.jackson@hotmail.com,Joseph,Jackson,Simpson PLC,referral,Grass-roots human-resource groupware,2026-01-10
  CHRISTINE.REYNOLDS.229@HOTMAIL.COM ,Christine,Reynolds,Olson Ltd,cold_outreach,Implemented content-based synergy,2025-10-21
kelly.wood.346@hotmail.com,Kelly,Wood,Smith PLC,organic,Programmable 24/7 knowledgebase,2024-09-27
NATALIE.GREEN.23@HOTMAIL.COM,Natalie,Green,Johnson-Carlson,event,Progressive static standardization,2025-12-23
erin.becker.436@yahoo.com,Erin,Becker,Garza-Bean,event,Intuitive 3rdgeneration application,2024-10-29
RACHAEL.CRANE.455@HOTMAIL.COM,Rachael,Crane,"Cox, Johnson and Thomas",cold_outreach,Reactive methodical complexity,2025-12-15
julie.wilson.35@gmail.com,Julie,Wilson,Rodriguez-Johnson,organic,Configurable heuristic capacity,2025-09-03
catherine.hamilton.198@gmail.com,Catherine,Hamilton,Rivera and Sons,event,Inverse holistic forecast,2025-11-30
deanna.schneider.467@gmail.com,Deanna,Schneider,Friedman PLC,referral,Open-architected even-keeled product,2026-01-13
GARY.HICKS.435@YAHOO.COM,Gary,Hicks,"Macdonald, Willis and Silva",event,Virtual uniform software,2025-07-28
kyle.sullivan.344@hotmail.com,Kyle,Sullivan,Jennings PLC,paid_ads,Enhanced fault-tolerant firmware,2025-03-05
james.whitaker.208@gmail.com,James,Whitaker,Johnson Inc,paid_ads,Future-proofed web-enabled functionalities,2025-12-06
charles.harrison.291@gmail.com,Charles,Harrison,Roth-Clayton,cold_outreach,Grass-roots 4thgeneration knowledge user,2026-06-21
sergio.wilson.231@yahoo.com,Sergio,Wilson,"Valdez, Garcia and Gutierrez",event,Monitored regional projection,2025-08-14
michael.hines@gmail.com,Michael,Hines,Tate LLC,referral,User-centric non-volatile extranet,2025-06-01
  todd.jones.9@hotmail.com ,Todd,Jones,Anderson Group,cold_outreach,Decentralized homogeneous collaboration,2024-11-07
nicole.hoffman.63@hotmail.com,Nicole,Hoffman,Holland Ltd,referral,Face-to-face grid-enabled core,2026-05-04
  kimberly.jenkins.397@gmail.com ,Kimberly,Jenkins,Robinson PLC,paid_ads,Vision-oriented maximized analyzer,2026-03-08
JAMES.NICHOLSON.478@YAHOO.COM,James,Nicholson,Kane PLC,cold_outreach,Managed needs-based Graphical User Interface,2025-07-05
  peter.house.14@yahoo.com ,Peter,House,Henderson-Bernard,cold_outreach,Multi-tiered asymmetric application,2025-11-04
justin.pruitt.245@yahoo.com,Justin,Pruitt,"Lang, Griffin and Williams",organic,Cross-group encompassing firmware,2024-11-27
BRIAN.DAVIES.190@GMAIL.COM,Brian,Davies,"Bradford, Salinas and Kelly",cold_outreach,Programmable radical archive,2024-11-15
stephen.marks.204@hotmail.com,Stephen,Marks,"Matthews, Harrington and Rodriguez",event,Function-based national framework,2024-10-25
michael.odonnell.187@yahoo.com,Michael,Odonnell,Griffin-Hernandez,referral,Advanced disintermediate functionalities,2025-10-04
LAURA.ATKINSON.249@YAHOO.COM,Laura,Atkinson,"Thomas, Byrd and Sloan",organic,Cross-group homogeneous framework,2025-10-25
KELLY.EVANS.101@GMAIL.COM,Kelly,Evans,"Mckinney, Graves and Thompson",organic,Sharable tangible array,2025-07-16
barbara.berry.78@hotmail.com,Barbara,Berry,"Butler, Wilson and Smith",event,Multi-tiered bifurcated groupware,2024-11-12
thomas.curry@hotmail.com,Thomas,Curry,"Williams, Whitaker and Howe",event,Reactive tangible moratorium,2025-07-19
rebecca.washington.313@hotmail.com,Rebecca,Washington,"Miller, Gonzalez and Rasmussen",organic,Reactive fresh-thinking initiative,2026-05-17
nicholas.moore.495@yahoo.com,Nicholas,Moore,Pierce-Taylor,cold_outreach,Ergonomic 3rdgeneration focus group,2025-02-10
lisa.chase@gmail.com,Lisa,Chase,"Doyle, Todd and Kelly",paid_ads,Grass-roots 24/7 installation,2026-05-02
  JENNIFER.CHEN.162@GMAIL.COM ,Jennifer,Chen,"Taylor, Clark and Clark",organic,Customizable bandwidth-monitored framework,2025-08-29
BENJAMIN.NIELSEN.456@GMAIL.COM,Benjamin,Nielsen,"Brown, Welch and Reeves",cold_outreach,Business-focused executive project,2026-04-10
  amy.fritz.161@gmail.com ,Amy,Fritz,"Greer, Potter and Evans",cold_outreach,Vision-oriented hybrid analyzer,2025-06-03
  CATHERINE.SALAZAR.318@HOTMAIL.COM ,Catherine,Salazar,Hall Inc,event,Open-source 24hour strategy,2024-09-05
susan.meyer.243@hotmail.com,Susan,Meyer,Perry PLC,cold_outreach,Function-based client-server projection,2024-09-14
daniel.rollins.403@gmail.com,Daniel,Rollins,Rodriguez-Taylor,paid_ads,Reactive optimal complexity,2025-12-06
ALAN.EVANS.498@YAHOO.COM,Alan,Evans,Bautista-Underwood,referral,Synergistic demand-driven alliance,2025-10-31
TERESA.CUEVAS.180@GMAIL.COM,Teresa,Cuevas,"Mccullough, Hodges and Sanchez",event,Reduced context-sensitive throughput,2026-05-21
JOHN.ESPINOZA.288@HOTMAIL.COM,John,Espinoza,Clayton-Walker,organic,Upgradable well-modulated open system,2025-05-13
kayla.shah.31@gmail.com,Kayla,Shah,"James, Smith and Bell",cold_outreach,Upgradable high-level structure,2025-04-20
erica.perez@hotmail.com,Erica,Perez,Reese-Ortiz,event,Front-line tertiary solution,2026-01-19
justin.newman.82@gmail.com,Justin,Newman,"Wheeler, Cruz and Carpenter",event,Distributed system-worthy encryption,2026-04-24
  STEPHEN.BROWN.126@YAHOO.COM ,Stephen,Brown,"Roman, Cummings and Foster",referral,Reverse-engineered motivating structure,2026-01-05
elizabeth.barrett.175@gmail.com,Elizabeth,Barrett,Smith and Sons,referral,Reverse-engineered user-facing database,2024-07-17
dennis.wilkins.182@gmail.com,Dennis,Wilkins,"Bradley, Graham and Brandt",paid_ads,Compatible maximized benchmark,2025-02-07
  john.thompson.370@hotmail.com ,John,Thompson,Carlson Ltd,event,Decentralized secondary portal,2025-09-29
joshua.hayes@gmail.com,Joshua,Hayes,Ross Group,organic,Horizontal demand-driven customer loyalty,2025-08-10
JOHN.LEBLANC.13@YAHOO.COM,John,Leblanc,"Garcia, Pearson and Fernandez",referral,Future-proofed object-oriented contingency,2026-06-17
DANIEL.COLE.311@GMAIL.COM,Daniel,Cole,Clark-Medina,event,Down-sized 4thgeneration knowledgebase,2025-08-12
ALBERT.JACKSON.141@YAHOO.COM,Albert,Jackson,Newman-Rivera,event,Quality-focused secondary benchmark,2026-04-24
  brent.stein.118@gmail.com ,Brent,Stein,"Hall, Garcia and Rivera",referral,Persistent contextually-based hub,2024-09-20
anthony.alvarado.285@yahoo.com,Anthony,Alvarado,Mcdonald-Pitts,referral,Automated methodical initiative,2025-08-14
jennifer.chavez.154@gmail.com,Jennifer,Chavez,Williams-Page,cold_outreach,Decentralized intangible Local Area Network,2026-03-21
michael.allen.378@gmail.com,Michael,Allen,Castillo LLC,event,Decentralized optimizing collaboration,2025-12-05
  catherine.garcia.70@hotmail.com ,Catherine,Garcia,Farrell Ltd,cold_outreach,Reduced grid-enabled firmware,2025-12-18
COLLEEN.JAMES.411@YAHOO.COM,Colleen,James,Braun-Jenkins,organic,Optional bifurcated portal,2025-11-04
  MARGARET.TERRY.184@GMAIL.COM ,Margaret,Terry,Huff LLC,referral,Function-based system-worthy projection,2024-09-14
courtney.ingram.94@hotmail.com,Courtney,Ingram,Anderson-Bell,referral,Reactive mobile neural-net,2026-02-23
cheryl.bell@gmail.com,Cheryl,Bell,Arias-Murray,event,Secured system-worthy concept,2025-02-26
JENNIFER.WILLIAMS.196@YAHOO.COM,Jennifer,Williams,"Barnes, Jackson and Gutierrez",cold_outreach,Multi-channeled tangible paradigm,2025-03-23
kelly.gilbert.345@yahoo.com,Kelly,Gilbert,Harris LLC,referral,Synchronized mobile function,2025-08-30
karl.perez.56@gmail.com,Karl,Perez,Good-Hodges,organic,Inverse hybrid hardware,2026-04-07
kelly.boyd.233@hotmail.com,Kelly,Boyd,Williams and Sons,paid_ads,Right-sized multimedia intranet,2024-10-20
crystal.ramirez.493@gmail.com,Crystal,Ramirez,"Schmitt, Blackwell and Clark",event,Realigned cohesive intranet,2026-02-02
maureen.mitchell.238@yahoo.com,Maureen,Mitchell,Mills Inc,referral,Advanced non-volatile middleware,2024-10-23
  JACOB.LEWIS.207@YAHOO.COM ,Jacob,Lewis,"Washington, Black and Brooks",referral,Stand-alone hybrid framework,2025-07-20
amanda.price.64@yahoo.com,Amanda,Price,"Avery, Horton and Fernandez",organic,Vision-oriented didactic info-mediaries,2026-01-02
MELANIE.HOWARD.248@HOTMAIL.COM,Melanie,Howard,Roberts Ltd,event,Profit-focused 6thgeneration concept,2025-09-25
AMY.JOHNSON.284@YAHOO.COM,Amy,Johnson,"Hubbard, Miller and Baker",referral,Re-engineered foreground approach,2024-09-09
JEREMY.WILSON.497@YAHOO.COM,Jeremy,Wilson,Payne LLC,paid_ads,Intuitive well-modulated artificial intelligence,2025-11-14
ERIC.WATSON.464@YAHOO.COM,Eric,Watson,Carter-Johnson,event,Cross-platform grid-enabled focus group,2024-10-21
daniel.jordan.76@yahoo.com,Daniel,Jordan,"Gregory, Tucker and Estrada",paid_ads,Exclusive homogeneous interface,2024-12-17
CAROL.SMITH.475@HOTMAIL.COM,Carol,Smith,Lucas Inc,referral,Automated logistical parallelism,2025-06-22
PEGGY.TAYLOR.170@GMAIL.COM,Peggy,Taylor,"Blair, Bell and Jordan",referral,Inverse mobile website,2025-01-06
william.herring.324@yahoo.com,William,Herring,"James, Tate and Barr",cold_outreach,Seamless object-oriented hierarchy,2026-04-06
danielle.higgins@hotmail.com,Danielle,Higgins,Hernandez PLC,referral,Exclusive solution-oriented conglomeration,2025-11-07
kenneth.garcia.470@gmail.com,Kenneth,Garcia,Orozco-Scott,paid_ads,Customer-focused clear-thinking matrices,2024-08-16
JOSHUA.ORTIZ.421@HOTMAIL.COM,Joshua,Ortiz,Henry LLC,referral,Ameliorated optimal success,2026-06-02
eric.harrison.55@yahoo.com,Eric,Harrison,Hanson-Sanders,event,Right-sized optimizing installation,2026-03-23
daniel.blair.329@hotmail.com,Daniel,Blair,"Benitez, Webb and Barker",cold_outreach,Virtual maximized intranet,2025-02-04
  leah.clarke.264@yahoo.com ,Leah,Clarke,Chapman-Figueroa,referral,Total optimal adapter,2026-03-13
  christopher.reyes.315@hotmail.com ,Christopher,Reyes,"Salas, Parks and Butler",event,Operative context-sensitive Local Area Network,2024-10-29
  travis.owens.408@yahoo.com ,Travis,Owens,"Jimenez, Wagner and Daniels",event,Robust asynchronous synergy,2025-08-12
  jennifer.maldonado.7@hotmail.com ,Jennifer,Maldonado,Mack-Peterson,organic,Versatile intermediate infrastructure,2025-05-23
ALEXANDER.WARD.172@YAHOO.COM,Alexander,Ward,Hughes PLC,cold_outreach,Triple-buffered incremental protocol,2025-04-02
  benjamin.hughes.336@hotmail.com ,Benjamin,Hughes,Smith Inc,paid_ads,Diverse multi-state alliance,2026-03-21
ANTHONY.GOMEZ.146@GMAIL.COM,Anthony,Gomez,"George, Nguyen and Cruz",paid_ads,Total background software,2025-05-07
ANNE.HERNANDEZ.201@HOTMAIL.COM,Anne,Hernandez,"Davis, Barnett and Morton",referral,Upgradable background algorithm,2026-06-18
LINDA.GONZALES.295@GMAIL.COM,Linda,Gonzales,Norris LLC,cold_outreach,Operative neutral service-desk,2024-10-15
  michael.chandler.453@hotmail.com ,Michael,Chandler,Gill-Jimenez,paid_ads,Cross-group regional encoding,2024-10-30
JOHN.MAYNARD.256@HOTMAIL.COM,John,Maynard,"Martin, Palmer and Griffin",referral,Reverse-engineered asymmetric system engine,2025-08-27
  amanda.terrell.321@gmail.com ,Amanda,Terrell,"Hughes, Hubbard and Estes",paid_ads,Organic encompassing challenge,2025-02-07
STEVEN.BISHOP.38@YAHOO.COM,Steven,Bishop,Johnson-Rosales,referral,Integrated bi-directional solution,2025-06-30
  MARCUS.WRIGHT.122@YAHOO.COM ,Marcus,Wright,Young-Molina,event,Innovative clear-thinking toolset,2025-02-15
john.russell.39@hotmail.com,John,Russell,Vaughn Ltd,referral,Public-key interactive intranet,2025-07-03
lisa.rodriguez.367@yahoo.com,Lisa,Rodriguez,"Lloyd, Walker and Brock",referral,Up-sized tertiary portal,2025-03-12
gloria.randall.404@gmail.com,Gloria,Randall,"Russell, Mercer and Patterson",cold_outreach,Profit-focused 3rdgeneration middleware,2026-04-24
lisa.peterson.454@hotmail.com,Lisa,Peterson,Miller LLC,cold_outreach,Customizable 4thgeneration alliance,2026-01-11
keith.johnson.352@hotmail.com,Keith,Johnson,"Torres, Glover and Green",cold_outreach,Fundamental optimal adapter,2025-06-20
patricia.webb.228@yahoo.com,Patricia,Webb,Clay Group,cold_outreach,Visionary 24/7 concept,2024-08-24
jody.martinez.458@hotmail.com,Jody,Martinez,Lewis-Hunt,referral,Reactive fresh-thinking data-warehouse,2025-07-25
ALYSSA.COLEMAN.40@HOTMAIL.COM,Alyssa,Coleman,"Rivera, Warner and Nelson",event,Reverse-engineered 5thgeneration circuit,2024-12-24
  linda.roberts.117@yahoo.com ,Linda,Roberts,"Miller, Bradshaw and Douglas",referral,Expanded disintermediate utilization,2025-06-24
  rebecca.griffin.29@gmail.com ,Rebecca,Griffin,"Hensley, Cole and Walton",cold_outreach,Reactive stable budgetary management,2025-01-28
  keith.white.325@gmail.com ,Keith,White,Smith LLC,paid_ads,Up-sized multi-tasking portal,2025-06-09
jennifer.jacobs.105@hotmail.com,Jennifer,Jacobs,Bryan Inc,event,Upgradable multi-state approach,2024-08-11
christopher.brown.483@gmail.com,Christopher,Brown,Edwards-Abbott,referral,Versatile solution-oriented monitoring,2026-02-01
  DEBORAH.PRATT.359@GMAIL.COM ,Deborah,Pratt,Dominguez LLC,event,Managed 6thgeneration focus group,2025-06-15
eric.ward.199@yahoo.com,Eric,Ward,Phillips Ltd,organic,Synchronized interactive moratorium,2025-09-20
jamie.harrison@yahoo.com,Jamie,Harrison,"Thomas, Drake and Archer",event,Visionary dynamic instruction set,2025-04-02
tanner.giles.416@hotmail.com,Tanner,Giles,"Farrell, Meadows and Michael",organic,Profit-focused value-added help-desk,2025-10-10
  RACHEL.MARSHALL.58@YAHOO.COM ,Rachel,Marshall,"Payne, Jones and Landry",paid_ads,Business-focused contextually-based monitoring,2025-02-13
emily.golden@hotmail.com,Emily,Golden,James and Sons,event,Reverse-engineered solution-oriented system engine,2025-02-23
jane.flynn.156@hotmail.com,Jane,Flynn,Lloyd PLC,referral,Total attitude-oriented definition,2025-04-02
  ashley.robinson.305@gmail.com ,Ashley,Robinson,"Nguyen, Olson and Freeman",paid_ads,Networked explicit customer loyalty,2025-12-04
glen.moore.450@yahoo.com,Glen,Moore,Leon Group,event,Decentralized leadingedge complexity,2024-12-27
judith.perry.391@yahoo.com,Judith,Perry,Martin-Luna,paid_ads,Integrated bottom-line implementation,2025-12-23
rebecca.andrews.362@hotmail.com,Rebecca,Andrews,"Case, Henry and Graham",event,Ameliorated dynamic workforce,2026-01-30
alexandra.fowler.286@yahoo.com,Alexandra,Fowler,Olson-Perez,organic,Decentralized disintermediate service-desk,2025-05-28
LINDSEY.HERRERA.174@YAHOO.COM,Lindsey,Herrera,"Walters, Davenport and Becker",referral,Managed logistical hub,2025-02-21
monica.lopez.443@gmail.com,Monica,Lopez,Burgess PLC,event,Customer-focused 24/7 paradigm,2026-04-07
  NATHAN.VILLA.89@HOTMAIL.COM ,Nathan,Villa,"Rosales, Mitchell and Hines",organic,Expanded methodical productivity,2025-06-02
BILLY.PETERSON.440@YAHOO.COM,Billy,Peterson,"Walker, Parks and Moore",cold_outreach,Cross-group even-keeled portal,2025-07-29
SAMANTHA.RICHARD.192@YAHOO.COM,Samantha,Richard,Johnson PLC,event,Automated systemic architecture,2026-05-10
  MARK.GIBSON.33@YAHOO.COM ,Mark,Gibson,Ramirez-Bean,event,Optional 6thgeneration leverage,2025-01-09
  stacey.torres.250@hotmail.com ,Stacey,Torres,"Berger, Cooper and Gutierrez",paid_ads,Quality-focused transitional standardization,2026-03-23
JAMES.MOODY.95@GMAIL.COM,James,Moody,Mahoney-Robertson,event,Seamless interactive success,2025-06-20
lauren.rodgers.279@yahoo.com,Lauren,Rodgers,Thompson Group,referral,Total fresh-thinking capability,2026-07-06
catherine.ford@gmail.com,Catherine,Ford,"Glenn, Stanley and Edwards",organic,User-centric multimedia orchestration,2025-03-28
michael.flores.195@hotmail.com,Michael,Flores,Underwood Ltd,event,Optional multimedia adapter,2025-12-24
sean.davis.389@gmail.com,Sean,Davis,"Davidson, Silva and Walker",paid_ads,Multi-layered systemic circuit,2024-11-29
sylvia.gonzalez.281@hotmail.com,Sylvia,Gonzalez,"Banks, Thompson and Deleon",event,Implemented fresh-thinking data-warehouse,2025-03-03
keith.raymond.388@hotmail.com,Keith,Raymond,"Thomas, Cunningham and Meadows",event,Upgradable web-enabled superstructure,2025-03-13
jennifer.hansen.134@yahoo.com,Jennifer,Hansen,Booth LLC,organic,Re-engineered system-worthy model,2026-06-08
steven.ramos.26@gmail.com,Steven,Ramos,"Kennedy, Santana and Flynn",paid_ads,Business-focused optimizing flexibility,2025-11-02
MICHELLE.SILVA.216@HOTMAIL.COM,Michelle,Silva,Kennedy and Sons,paid_ads,Optional mission-critical conglomeration,2024-10-05
  kathy.williams.490@gmail.com ,Kathy,Williams,Gonzalez and Sons,paid_ads,Cross-group didactic ability,2026-04-17
thomas.gutierrez.424@yahoo.com,Thomas,Gutierrez,"Henderson, Sellers and Garcia",cold_outreach,Enhanced exuding methodology,2025-12-01
JENNIFER.PERKINS.406@YAHOO.COM,Jennifer,Perkins,"Harding, Kelly and Estrada",event,Customer-focused multimedia implementation,2026-06-30
donna.wood@yahoo.com,Donna,Wood,"Taylor, Aguirre and Sanchez",cold_outreach,Extended leadingedge toolset,2025-09-18
ronald.parsons.320@hotmail.com,Ronald,Parsons,"Holloway, Cortez and Long",paid_ads,Versatile scalable superstructure,2025-08-31
christopher.guerrero.97@yahoo.com,Christopher,Guerrero,Morrison-Simmons,event,Compatible didactic pricing structure,2025-05-29
  frank.mcdonald.434@gmail.com ,Frank,Mcdonald,Williams-Kelly,paid_ads,Progressive systemic concept,2025-08-23
DIANA.BATES.85@GMAIL.COM,Diana,Bates,"Fletcher, Miller and Hansen",cold_outreach,Total encompassing project,2026-02-07
jim.barnett.257@hotmail.com,Jim,Barnett,Hughes-Hardin,event,Customizable coherent capacity,2024-08-07
kenneth.martinez.25@yahoo.com,Kenneth,Martinez,"Bentley, Byrd and Orr",referral,Configurable zero-defect functionalities,2025-08-29
jennifer.davidson.253@yahoo.com,Jennifer,Davidson,Taylor-Quinn,cold_outreach,Cloned holistic pricing structure,2025-06-12
christine.mccullough.252@yahoo.com,Christine,Mccullough,Hayes-Jensen,cold_outreach,Sharable high-level system engine,2025-11-28
robert.french.240@hotmail.com,Robert,French,Church-Brown,cold_outreach,Universal clear-thinking capability,2025-01-09
stacey.stone.104@yahoo.com,Stacey,Stone,King Ltd,event,Ergonomic dedicated pricing structure,2025-01-25
brenda.green.266@hotmail.com,Brenda,Green,Cunningham-Carr,cold_outreach,Stand-alone global array,2025-04-25
christine.moore.21@gmail.com,Christine,Moore,Cherry and Sons,event,Persevering zero tolerance project,2024-07-27
LOGAN.SCOTT.469@GMAIL.COM,Logan,Scott,Weaver LLC,paid_ads,Grass-roots exuding attitude,2024-11-19
katherine.schmidt.219@gmail.com,Katherine,Schmidt,"Smith, Gross and Perez",paid_ads,Proactive responsive installation,2025-02-22
SARAH.HUMPHREY.432@GMAIL.COM,Sarah,Humphrey,Stewart PLC,paid_ads,Monitored hybrid complexity,2024-10-21
BRENDA.TRAN.499@YAHOO.COM,Brenda,Tran,"Olsen, Peterson and Miller",organic,Organic even-keeled model,2025-05-18
kimberly.mcmillan.283@hotmail.com,Kimberly,Mcmillan,"Meyer, Cole and Jackson",paid_ads,Reduced 5thgeneration support,2024-10-08
JOHN.HARRIS.133@HOTMAIL.COM,John,Harris,Nielsen LLC,organic,Function-based bandwidth-monitored collaboration,2025-08-04
MICHAEL.COOPER.2@YAHOO.COM,Michael,Cooper,Blair PLC,referral,Multi-layered static standardization,2026-06-20
KATHRYN.HILL.236@YAHOO.COM,Kathryn,Hill,Chavez-Anderson,event,Realigned foreground framework,2025-09-22
  jamie.crawford.413@hotmail.com ,Jamie,Crawford,Jackson-Evans,referral,Advanced systematic capacity,2024-12-03
  JESSICA.GARCIA.181@HOTMAIL.COM ,Jessica,Garcia,Barnes Inc,cold_outreach,Customizable asynchronous intranet,2025-12-11
christian.livingston.340@yahoo.com,Christian,Livingston,"Anderson, Hess and Gillespie",event,Progressive didactic array,2024-09-18
  JORGE.SHANNON.255@HOTMAIL.COM ,Jorge,Shannon,Valdez-Hernandez,event,Configurable static matrices,2024-12-19
DAWN.LEWIS.259@GMAIL.COM,Dawn,Lewis,Cox Ltd,cold_outreach,Monitored encompassing approach,2025-11-04
  patrick.joyce.269@hotmail.com ,Patrick,Joyce,"Meyer, Dawson and Harper",event,Multi-tiered full-range frame,2025-10-20
  whitney.mendoza.115@yahoo.com ,Whitney,Mendoza,Frye-Stevens,organic,Networked tangible knowledge user,2025-03-16
  brian.baker.410@hotmail.com ,Brian,Baker,Jensen-Gomez,referral,Multi-channeled high-level matrices,2025-02-28
scott.burke.326@gmail.com,Scott,Burke,Khan LLC,paid_ads,Networked bandwidth-monitored Graphical User Interface,2025-10-11
james.burton.396@gmail.com,James,Burton,"Goodwin, Stephens and Brennan",paid_ads,Grass-roots solution-oriented encoding,2026-02-13
MANUEL.BREWER.119@GMAIL.COM,Manuel,Brewer,"Andrews, Nichols and Sharp",referral,Innovative intermediate encoding,2026-05-07
mathew.turner.363@gmail.com,Mathew,Turner,"Shea, Holland and Diaz",paid_ads,Managed reciprocal data-warehouse,2024-09-06
bruce.beck@yahoo.com,Bruce,Beck,Jordan LLC,paid_ads,Inverse grid-enabled interface,2026-01-18
tyler.navarro@hotmail.com,Tyler,Navarro,Wilcox-Miller,organic,Synergistic optimal throughput,2026-03-24
PATRICIA.MILLER.30@GMAIL.COM,Patricia,Miller,Reyes and Sons,cold_outreach,Innovative modular time-frame,2024-12-12
BRITTANY.HOOD.376@YAHOO.COM,Brittany,Hood,Blair Ltd,cold_outreach,Exclusive impactful Internet solution,2025-01-06
sean.washington.446@gmail.com,Sean,Washington,Richards-Harris,event,Mandatory systemic flexibility,2026-03-07
william.rice.463@hotmail.com,William,Rice,Gibson Inc,organic,Front-line homogeneous implementation,2024-11-01
tanya.ruiz@gmail.com,Tanya,Ruiz,Mcknight-Arnold,organic,Streamlined bi-directional workforce,2025-02-02
david.mckinney.382@hotmail.com,David,Mckinney,"Lam, Hayes and Richardson",referral,User-centric optimal workforce,2026-05-31
  patrick.singh.143@hotmail.com ,Patrick,Singh,"Miller, Mcgee and Reed",referral,Pre-emptive mission-critical archive,2025-05-24
devon.snyder.6@gmail.com,Devon,Snyder,Hernandez and Sons,referral,Multi-layered regional neural-net,2025-05-13
  DUSTIN.JOHNSON.317@YAHOO.COM ,Dustin,Johnson,Ali-Turner,organic,Persevering secondary analyzer,2026-05-22
  ASHLEY.YOUNG.202@YAHOO.COM ,Ashley,Young,Foster Ltd,referral,Seamless 24/7 approach,2025-07-11
nicholas.lawrence@yahoo.com,Nicholas,Lawrence,"Lewis, Kim and Lee",organic,Sharable holistic orchestration,2025-08-06
  michael.garcia.461@hotmail.com ,Michael,Garcia,Poole-Miller,cold_outreach,Public-key scalable complexity,2025-05-15
glenn.brown.368@yahoo.com,Glenn,Brown,Todd and Sons,referral,Operative 5thgeneration function,2025-04-05
john.morris.135@yahoo.com,John,Morris,Owens-Wong,paid_ads,Object-based actuating implementation,2025-01-16
  michael.montoya.306@yahoo.com ,Michael,Montoya,Kane and Sons,paid_ads,Optional logistical website,2025-10-29
MICHELLE.WALTON.334@HOTMAIL.COM,Michelle,Walton,Mckinney-Nelson,cold_outreach,Adaptive 4thgeneration open system,2025-07-07
CARMEN.STEPHENS.265@YAHOO.COM,Carmen,Stephens,Smith Ltd,paid_ads,Distributed dynamic contingency,2025-09-04
  SAMANTHA.PRINCE.206@GMAIL.COM ,Samantha,Prince,Roth-Turner,referral,Integrated 5thgeneration capability,2026-03-17
sarah.marshall@hotmail.com,Sarah,Marshall,"Myers, Conley and Barrett",event,Proactive attitude-oriented solution,2025-01-17
lynn.ellison.304@hotmail.com,Lynn,Ellison,"Duncan, Duncan and Davis",cold_outreach,Business-focused demand-driven attitude,2025-03-26
chris.johnson.476@hotmail.com,Chris,Johnson,Chambers-Gomez,event,Automated next generation moratorium,2026-03-05
michael.harrell.465@yahoo.com,Michael,Harrell,Berry-Knight,cold_outreach,Persistent optimizing emulation,2026-01-31
RICARDO.GONZALES.96@YAHOO.COM,Ricardo,Gonzales,Beltran-Crawford,referral,Optional multi-state orchestration,2025-04-03
sherry.kerr.390@yahoo.com,Sherry,Kerr,Hernandez-Nash,referral,User-centric transitional emulation,2025-04-17
cindy.chavez.437@hotmail.com,Cindy,Chavez,"Meadows, Robles and Anderson",referral,Advanced bandwidth-monitored circuit,2026-02-15
  lori.smith.422@hotmail.com ,Lori,Smith,Skinner Ltd,referral,Operative object-oriented parallelism,2025-11-26
victoria.henry.144@yahoo.com,Victoria,Henry,"Pugh, Reynolds and Frazier",event,Horizontal bi-directional secured line,2025-04-13
MARK.MARTINEZ.72@YAHOO.COM,Mark,Martinez,"Pugh, Henderson and Moon",organic,Virtual hybrid collaboration,2026-06-16
nancy.odom.131@hotmail.com,Nancy,Odom,Gutierrez LLC,referral,Devolved bi-directional Internet solution,2025-08-20
emma.rodriguez.339@gmail.com,Emma,Rodriguez,Simmons and Sons,referral,Distributed regional intranet,2025-09-17
  sandy.johnson.366@gmail.com ,Sandy,Johnson,Valdez-Ruiz,organic,Grass-roots hybrid implementation,2024-08-11
  carla.smith.66@yahoo.com ,Carla,Smith,Zhang PLC,event,Persevering motivating approach,2024-08-28
amanda.smith@gmail.com,Amanda,Smith,Cherry LLC,cold_outreach,Customizable discrete attitude,2025-08-06
julie.taylor.52@gmail.com,Julie,Taylor,Barton-Dickerson,organic,Universal demand-driven service-desk,2026-05-22
patrick.nash@gmail.com,Patrick,Nash,"Bennett, Silva and Lee",referral,Versatile optimal open architecture,2024-09-30
alex.harris.331@yahoo.com,Alex,Harris,Tyler-Parker,cold_outreach,Re-contextualized cohesive software,2025-08-15
dennis.garcia.407@gmail.com,Dennis,Garcia,Jimenez Inc,paid_ads,Universal mission-critical framework,2025-04-14
  ryan.richards.235@hotmail.com ,Ryan,Richards,Holt and Sons,referral,Future-proofed scalable encryption,2026-02-25
  margaret.davenport.393@yahoo.com ,Margaret,Davenport,Hansen-Ford,organic,Multi-tiered zero-defect hierarchy,2026-02-07
MICHAEL.MORALES.110@HOTMAIL.COM,Michael,Morales,"Lee, Tran and Jones",cold_outreach,Organic system-worthy flexibility,2025-06-03
ROBERT.TAYLOR.158@YAHOO.COM,Robert,Taylor,Lopez-Reid,event,Customer-focused dedicated pricing structure,2026-05-11
melissa.york.251@hotmail.com,Melissa,York,Newman-Jones,cold_outreach,Right-sized client-driven moderator,2024-08-27
jessica.rush.194@hotmail.com,Jessica,Rush,Rosales-Townsend,referral,Customer-focused next generation open architecture,2024-08-02
james.stout@hotmail.com,James,Stout,Tran and Sons,organic,Customizable 4thgeneration capability,2025-03-21
laura.pearson.54@gmail.com,Laura,Pearson,Hanna-Martinez,paid_ads,Re-engineered impactful firmware,2025-03-09
eric.ayala.177@hotmail.com,Eric,Ayala,"Sharp, Perez and Hicks",cold_outreach,Organic intermediate productivity,2026-03-28
james.morgan.234@yahoo.com,James,Morgan,House Ltd,paid_ads,Open-source optimal ability,2024-10-07
CHARLES.MARTIN.46@YAHOO.COM,Charles,Martin,"Curry, Carroll and Roberts",paid_ads,Mandatory bottom-line structure,2025-06-16
ann.fox@hotmail.com,Ann,Fox,Ortiz-Green,event,Inverse asynchronous firmware,2025-07-10
  anna.baldwin.1@hotmail.com ,Anna,Baldwin,"Barnes, Cole and Ramirez",cold_outreach,Virtual client-server Local Area Network,2026-01-14
kimberly.smith.369@yahoo.com,Kimberly,Smith,Smith and Sons,referral,Organized empowering interface,2025-12-07
timothy.tate.489@yahoo.com,Timothy,Tate,"Bennett, Ross and Mckenzie",organic,Switchable 24/7 info-mediaries,2025-03-31
  LARRY.NGUYEN.75@HOTMAIL.COM ,Larry,Nguyen,"Miller, Williams and Moore",cold_outreach,Re-contextualized regional instruction set,2024-08-14
SUZANNE.MILLER.350@HOTMAIL.COM,Suzanne,Miller,"Fox, Villarreal and Christensen",event,Team-oriented optimal definition,2025-06-14
DANIEL.BRUCE.73@YAHOO.COM,Daniel,Bruce,Farmer PLC,paid_ads,Fully-configurable 24hour benchmark,2026-02-19
melanie.liu.171@gmail.com,Melanie,Liu,"Lawson, Lopez and Myers",organic,Re-engineered incremental product,2024-08-18
melissa.morris.480@yahoo.com,Melissa,Morris,Martinez-Holmes,organic,Programmable executive open system,2025-03-30
  mary.cochran.191@yahoo.com ,Mary,Cochran,"Parker, Henry and Davis",referral,Streamlined bifurcated Internet solution,2025-09-21
natalie.baker.205@hotmail.com,Natalie,Baker,Armstrong-Kennedy,referral,Assimilated heuristic knowledge user,2025-01-26
carrie.howard.439@gmail.com,Carrie,Howard,Hunt-Burns,cold_outreach,Progressive attitude-oriented system engine,2025-06-22
james.rhodes.373@yahoo.com,James,Rhodes,Maxwell LLC,referral,Customer-focused analyzing Local Area Network,2024-09-19
  DOROTHY.CAMPBELL.261@GMAIL.COM ,Dorothy,Campbell,Cole Group,paid_ads,Persevering radical standardization,2024-11-11
karen.bright@hotmail.com,Karen,Bright,"Watts, Burke and Barnett",cold_outreach,Diverse responsive synergy,2025-05-07
jessica.nelson@yahoo.com,Jessica,Nelson,Jordan and Sons,organic,Realigned systemic monitoring,2024-10-21
heidi.solis@yahoo.com,Heidi,Solis,Rodgers Group,cold_outreach,Open-source 3rdgeneration extranet,2025-12-24
lisa.monroe.83@hotmail.com,Lisa,Monroe,Wagner and Sons,organic,Exclusive disintermediate analyzer,2025-01-06
michael.valdez.258@gmail.com,Michael,Valdez,"King, Kaufman and Walker",event,Pre-emptive intangible forecast,2025-03-24
stephen.rodriguez.92@yahoo.com,Stephen,Rodriguez,"Herrera, Chen and Andrews",organic,Up-sized mission-critical intranet,2024-10-22
  DAVID.LOPEZ.492@HOTMAIL.COM ,David,Lopez,Benson-Stewart,organic,Centralized zero administration standardization,2026-06-23
ryan.flores.417@gmail.com,Ryan,Flores,"Harris, Gutierrez and Colon",cold_outreach,Versatile human-resource Internet solution,2024-11-03
terri.bell@gmail.com,Terri,Bell,Hanson-Fleming,organic,Horizontal web-enabled application,2026-04-13
RONALD.ORTEGA.71@YAHOO.COM,Ronald,Ortega,Mcdaniel Group,paid_ads,Face-to-face clear-thinking knowledge user,2024-09-14
kimberly.gentry.335@yahoo.com,Kimberly,Gentry,"Johnson, Webb and Porter",organic,Innovative bifurcated software,2025-03-14
  jared.fitzpatrick.224@yahoo.com ,Jared,Fitzpatrick,Smith Ltd,cold_outreach,Reactive mission-critical superstructure,2026-05-02
SAMUEL.CARTER.150@HOTMAIL.COM,Samuel,Carter,Fuentes Group,event,Fundamental full-range analyzer,2025-07-09
SHANNON.ADKINS.185@GMAIL.COM,Shannon,Adkins,Murray and Sons,referral,Profit-focused multi-tasking infrastructure,2024-07-18
julie.rivera@gmail.com,Julie,Rivera,Santos Inc,cold_outreach,Customer-focused logistical Graphic Interface,2026-02-13
ian.roberts.289@hotmail.com,Ian,Roberts,Williamson-Nelson,referral,Optimized grid-enabled artificial intelligence,2025-07-03
SHAWN.EDWARDS.49@YAHOO.COM,Shawn,Edwards,Cordova Group,cold_outreach,Versatile tangible knowledgebase,2026-03-04
jackie.russell@yahoo.com,Jackie,Russell,Mitchell Inc,referral,Compatible background circuit,2025-08-01
  LEAH.GREENE.213@HOTMAIL.COM ,Leah,Greene,Becker-Griffith,cold_outreach,Horizontal bifurcated methodology,2025-07-07
  JONATHAN.BROWN.312@GMAIL.COM ,Jonathan,Brown,"Williamson, Brown and Pena",referral,Front-line solution-oriented adapter,2024-08-27
MICHAEL.BROWN.232@GMAIL.COM,Michael,Brown,Rivera-Saunders,cold_outreach,Intuitive coherent model,2025-06-20
eric.glover.218@gmail.com,Eric,Glover,Mendez Ltd,cold_outreach,Up-sized encompassing firmware,2025-04-30
charles.lewis.17@yahoo.com,Charles,Lewis,Mahoney Inc,paid_ads,Grass-roots asynchronous model,2025-04-05
KAYLA.RODRIGUEZ.183@GMAIL.COM,Kayla,Rodriguez,Cole LLC,event,Decentralized 3rdgeneration product,2024-10-05
nicole.gallagher@gmail.com,Nicole,Gallagher,Mitchell-Cox,referral,Face-to-face encompassing groupware,2025-11-16
heather.melton.444@hotmail.com,Heather,Melton,"Swanson, Turner and Li",cold_outreach,Public-key interactive open system,2025-03-29
TONI.WISE.116@HOTMAIL.COM,Toni,Wise,Vaughn Group,cold_outreach,Inverse fault-tolerant utilization,2025-06-24
MICHELE.DUKE.163@HOTMAIL.COM,Michele,Duke,Taylor Group,paid_ads,Assimilated asynchronous pricing structure,2026-07-04
WILLIAM.DENNIS.459@YAHOO.COM,William,Dennis,Sims-Gomez,event,Configurable intangible website,2026-01-13
amanda.byrd@hotmail.com,Amanda,Byrd,Garza-Martin,event,Managed intangible flexibility,2025-03-10
christina.bullock.91@gmail.com,Christina,Bullock,Lewis-Hernandez,referral,Synchronized leadingedge framework,2025-09-27
